{
  "Journals": {
    "LegalEntityIdentifier": "SITE-02",
    "BatchName": "Batch Name 2025041801",
    "BatchDescription": "Batch Description 2025041801",
    "JournalName": "Journal Name 2025041801",
    "JournalDescription": "Journal Description 2025041801",
    "AccountingDate": "2025-04-18",
    "UserSourceName": "OA",
    "UserCategoryName": "Expense Accrual",
    "SourceDocNumber": "JE_2025041801",
    "CurrencyCode": "USD",
    "JournalLines": [
      {
        "GroupId": "2025041801",
        "Segment1": "2001",
        "Segment2": "P03B0202",
        "Segment3": "66021401",
        "Segment4": "0",
        "Segment5": "0",
        "Segment6": "0",
        "Segment7": "0",
        "Segment8": "0",
        "EnteredDrAmount": 418.01,
        "JournalLineDescription": "Journal Line Description 202504180101",
        "Attribute2": "Pearl Sun"
      },
      {
        "GroupId": "2025041801",
        "Segment1": "2001",
        "Segment2": "0",
        "Segment3": "100201",
        "Segment4": "0",
        "Segment5": "0",
        "Segment6": "0",
        "Segment7": "0",
        "Segment8": "0",
        "EnteredCrAmount": 418.01,
        "JournalLineDescription": "Journal Line Description 202504180102",
        "Attribute1": "111001"
      }
    ]
  }
}
